design,circuit,architecture,technology,node_nm,area_um2,mapped_cell_count,sequential_cell_count,sequential_area_um2,sequential_area_fraction,delay_native,time_unit,cycle_time_s,delay_ns,frequency_hz,performance_per_area_hz_per_um2,probabilistic_power_w,vcd_power_w,power_relative_difference,probabilistic_energy_j,vcd_energy_j,probabilistic_throughput_per_watt_ops_per_j,vcd_throughput_per_watt_ops_per_j,probabilistic_handout_time_per_power_s_per_w,vcd_handout_time_per_power_s_per_w,testbench_status,vcd_annotated_pins,vcd_total_pins,paths_reported,unique_path_pairs,liberty_file
adder32-ripple-carry,adder32,ripple-carry,asap7,7,11.35782,127,0,0,0.0,807.66900635,1ps,8.0766900635e-10,0.8076690063499999,1238130957.2830806,109011320.59524456,2.786632e-05,2.737027e-05,0.017801058769152157,2.250676298503113e-14,2.2106118774431215e-14,44431089475864.8,45236344299237.12,2.8983698111196598e-05,2.9508989365103084e-05,PASS,596,596,1000,1153,/common/users/shared/fluxlab-tools/techlibs/asap7sc7p5t_ALL_LVT_TT_nldm_211120.lib.gz
adder32-ripple-carry,adder32,ripple-carry,nan45,45,205.618,197,0,0,0.0,1.90221417,1ns,1.90221417e-09,1.90221417,525703159.91285044,2556698.1485708957,0.0001504258,0.0003297557,1.1921485543038495,2.86142088293586e-13,6.27265965178269e-13,3494767253442.231,1594220084483.3022,1.2645531351669725e-05,5.768555843007414e-06,PASS,749,749,1000,1153,/common/users/shared/fluxlab-tools/techlibs/NangateOpenCellLibrary_typical.lib
adder32-ripple-carry,adder32,ripple-carry,sky130,130,812.0288,125,0,0,0.0,12.87969303,1ns,1.2879693030000001e-08,12.87969303,77641601.99088222,95614.34519426186,4.692053e-05,0.0007351871,14.668772283689037,6.043220232049059e-13,9.468984167615914e-12,1654746909101.0315,105607949310.97435,0.0002745001608038102,1.751893229628213e-05,PASS,596,596,1000,1153,/common/users/shared/fluxlab-tools/techlibs/sky130hd_tt.lib
adder32-kogge-stone,adder32,kogge-stone,asap7,7,19.3914,216,0,0,0.0,322.07415771,1ps,3.2207415771e-10,0.32207415771,3104874998.696461,160116082.319815,0.000120751,4.676882e-05,0.6126837872978278,3.889077661764021e-14,1.5063028308590602e-14,25713037562392.535,66387712982633.75,2.6672587200934155e-06,6.886514513515628e-06,PASS,843,843,1000,1153,/common/users/shared/fluxlab-tools/techlibs/asap7sc7p5t_ALL_LVT_TT_nldm_211120.lib.gz
adder32-kogge-stone,adder32,kogge-stone,nan45,45,279.566,257,0,0,0.0,0.61072731,1ns,6.1072731e-10,0.61072731,1637391981.0463362,5856906.709136076,0.0005835768,0.0004186807,0.2825610956432812,3.56406289242408e-13,2.5569973765991704e-13,2805786626621.1,3910837019825.218,1.0465243135093788e-06,1.4586946806958144e-06,PASS,959,959,1000,1153,/common/users/shared/fluxlab-tools/techlibs/NangateOpenCellLibrary_typical.lib
adder32-kogge-stone,adder32,kogge-stone,sky130,130,1292.4896,217,0,0,0.0,3.40686417,1ns,3.40686417e-09,3.40686417,293525057.09084374,227100.51755220603,0.0003592847,0.001489654,3.1461659792359655,1.224034171259199e-12,5.07504883829718e-12,816970656114.3398,197042438774.9395,9.482352490935463e-06,2.2870170992727173e-06,PASS,855,855,1000,1153,/common/users/shared/fluxlab-tools/techlibs/sky130hd_tt.lib
adder32-brent-kung,adder32,brent-kung,asap7,7,15.8193,167,0,0,0.0,415.95889282,1ps,4.1595889282e-10,0.41595889282,2404083714.187438,151971560.9532304,7.676577e-05,3.671127e-05,0.5217755257323674,3.193140469567477e-14,1.527037922321608e-14,31317131505193.5,65486258421118.04,5.4185464800261885e-06,1.1330550341080545e-05,PASS,661,661,1000,1153,/common/users/shared/fluxlab-tools/techlibs/asap7sc7p5t_ALL_LVT_TT_nldm_211120.lib.gz
adder32-brent-kung,adder32,brent-kung,nan45,45,210.406,179,0,0,0.0,0.99723142,1ns,9.9723142e-10,0.99723142,1002776266.3153955,4765910.983124984,0.0002747953,0.0002980104,0.08448143035925296,2.74034507228326e-13,2.97185334366768e-13,3649175463755.7324,3364903595026.87,3.628997366403283e-06,3.3462973775411865e-06,PASS,688,688,1000,1153,/common/users/shared/fluxlab-tools/techlibs/NangateOpenCellLibrary_typical.lib
adder32-brent-kung,adder32,brent-kung,sky130,130,1088.544,158,0,0,0.0,4.28209019,1ns,4.28209019e-09,4.28209019,233530812.20365423,214535.02311680024,0.0002379409,0.001146354,3.8178098006689902,1.018884393689771e-12,4.90879121766726e-12,981465616897.533,203716140218.1649,1.7996444453223467e-05,3.735399527545592e-06,PASS,649,649,1000,1153,/common/users/shared/fluxlab-tools/techlibs/sky130hd_tt.lib
counter32-ripple-carry,counter32,ripple-carry,asap7,7,18.56034,123,32,11.664,0.6284367635506677,391.07983398,1ps,3.9107983397999996e-10,0.39107983397999996,2557022666.7610292,137768094.05221182,0.0001103396,9.760817e-05,0.11538405069440165,4.3151592449419607e-14,3.817258691869161e-14,23174115791257.434,26196809824024.25,3.544328908025767e-06,4.00663012102368e-06,PASS,489,489,1000,592,/common/users/shared/fluxlab-tools/techlibs/asap7sc7p5t_ALL_LVT_TT_nldm_211120.lib.gz
counter32-ripple-carry,counter32,ripple-carry,nan45,45,240.464,123,32,144.704,0.6017699115044248,0.89765018,1ns,8.9765018e-10,0.89765018,1114019717.5697107,4632792.091829591,0.0002655222,0.0001978639,0.2548122153251215,2.3834605062399597e-13,1.77612565450502e-13,4195580322736.52,5630232283755.201,3.3806972825624373e-06,4.536705179671481e-06,PASS,496,496,1000,592,/common/users/shared/fluxlab-tools/techlibs/NangateOpenCellLibrary_typical.lib
counter32-ripple-carry,counter32,ripple-carry,sky130,130,1149.8528,129,32,640.6144,0.557127312295974,3.29837251,1ns,3.2983725100000003e-09,3.29837251,303179824.888851,263668.3798907573,0.000412033,0.000406352,0.013787730594394143,1.3590383204128302e-12,1.34030026618352e-12,735814424788.4294,746101470864.7946,8.005117332834992e-06,8.117032794227664e-06,PASS,489,489,1000,592,/common/users/shared/fluxlab-tools/techlibs/sky130hd_tt.lib
counter32-kogge-stone,counter32,kogge-stone,asap7,7,18.61866,125,32,11.664,0.6264682850430697,347.09976196,1ps,3.4709976196e-10,0.34709976196,2881016092.7602153,154738101.06421277,0.0001241453,0.0001098483,0.11516344154792812,4.309080407845279e-14,3.812831878171067e-14,23206807609794.453,26227225116458.02,2.7959154471413736e-06,3.1598100467644926e-06,PASS,504,504,1000,592,/common/users/shared/fluxlab-tools/techlibs/asap7sc7p5t_ALL_LVT_TT_nldm_211120.lib.gz
counter32-kogge-stone,counter32,kogge-stone,nan45,45,246.582,129,32,144.704,0.586839266450917,0.68368417,1ns,6.8368417e-10,0.68368417,1462663674.0762916,5931753.631961342,0.0003489158,0.0002571511,0.2629995546203411,2.38548209122886e-13,1.75810136368087e-13,4192024763786.2534,5687954179765.482,1.959453168930728e-06,2.6586865465479246e-06,PASS,521,521,1000,592,/common/users/shared/fluxlab-tools/techlibs/NangateOpenCellLibrary_typical.lib
counter32-kogge-stone,counter32,kogge-stone,sky130,130,1148.6016,129,32,640.6144,0.5577342047930284,2.94585586,1ns,2.94585586e-09,2.94585586,339459921.8442412,295541.91970848833,0.0004632937,0.0004534718,0.021200158776171592,1.364796461046082e-12,1.335862559374748e-12,732709989029.0786,748580003969.9077,6.358506191644739e-06,6.4962272405913665e-06,PASS,507,507,1000,592,/common/users/shared/fluxlab-tools/techlibs/sky130hd_tt.lib
counter32-brent-kung,counter32,brent-kung,asap7,7,18.34164,119,32,11.664,0.6359300476947535,367.9463501,1ps,3.679463501e-10,0.36794635010000004,2717787524.5350885,148175818.7673015,0.0001170735,0.0001036871,0.11434184508022735,4.307676701843235e-14,3.8151289997453716e-14,23214369814988.773,26211433481456.113,3.142866234459549e-06,3.54862225001953e-06,PASS,481,481,1000,592,/common/users/shared/fluxlab-tools/techlibs/asap7sc7p5t_ALL_LVT_TT_nldm_211120.lib.gz
counter32-brent-kung,counter32,brent-kung,nan45,45,240.996,124,32,144.704,0.6004415011037527,0.89021945,1ns,8.902194500000001e-10,0.8902194500000001,1123318525.5613096,4661150.083658274,0.0002674721,0.0001994722,0.254231749778762,2.3810886575234505e-13,1.7757403217429002e-13,4199759621886.953,5631454035004.926,3.328270313053212e-06,4.462874776535277e-06,PASS,497,497,1000,592,/common/users/shared/fluxlab-tools/techlibs/NangateOpenCellLibrary_typical.lib
counter32-brent-kung,counter32,brent-kung,sky130,130,1149.8528,129,32,640.6144,0.557127312295974,3.27909374,1ns,3.2790937400000002e-09,3.2790937400000004,304962309.4946959,265218.56492822035,0.0004144853,0.0004087077,0.013939215697155092,1.3591361525520222e-12,1.340190860559798e-12,735761460043.8082,746162378381.1656,7.911242545875571e-06,8.02307796011673e-06,PASS,489,489,1000,592,/common/users/shared/fluxlab-tools/techlibs/sky130hd_tt.lib
